Experiment,Layers,Neurons,LR,Batch,Activation,Epochs Run,Train Acc,Test Acc,Train AUC,Test AUC,Test F1,Test Recall,Test Precision,Overfit Gap
1: Baseline 2L-64 ReLU,2,64,0.001,16,relu,27,0.6806,0.6575,0.8775,0.9425,0.0805,1.0,0.042,0.0231
2: Shallow 1L-32 ReLU,1,32,0.001,16,relu,42,0.8169,0.8225,0.9147,0.9592,0.1446,1.0,0.0779,-0.0056
3: Deep 3L-128 ReLU,3,128,0.001,16,relu,47,0.95,0.945,0.9776,0.8585,0.2143,0.5,0.1364,0.005
4: High LR 0.01,2,64,0.01,16,relu,27,0.7656,0.7125,0.9091,0.9429,0.0945,1.0,0.0496,0.0531
5: Low LR 0.0001,2,64,0.0001,16,relu,88,0.7763,0.7325,0.954,0.9748,0.1008,1.0,0.0531,0.0437
6: Large Batch 64,2,64,0.001,64,relu,40,0.83,0.815,0.9732,0.9596,0.1395,1.0,0.075,0.015
7: Small Batch 8,2,64,0.001,8,relu,32,0.8606,0.8375,0.9298,0.9006,0.1096,0.6667,0.0597,0.0231
8: Tanh Activation,2,64,0.001,16,tanh,43,0.845,0.8575,0.9583,0.944,0.1739,1.0,0.0952,-0.0125
9: ELU Activation,2,64,0.001,16,elu,26,0.5669,0.5475,0.8284,0.9863,0.0622,1.0,0.0321,0.0194
